Measurement,Mean,Precision (std),Systematic Error (bias)
Alkalinity,2353.7086720154593,88.4751192688819,16.95282575953287
DIC,2133.339509645181,4.84905721825393,10.026369991500209
