Parameter,Mean,Standard Deviation
Alkalinity,2344.0333285840898,182.56498183299465
DIC,2132.650615981625,6.393424592458772
